First Name;Last Name;Email;Password;Roles
Rudy;Tiket;rudy@tiket;123;admin, manager
Niki;Tiket;niki@tiket.com;12345678;admin, manager, user
Rachim;Tiket;rachim@tiket.com;12345678;admin, manager, user
Rudy;Tiket;rudy@tiket.com;12345678;admin, manager
Niki;Tiket;niki@tiket.com;12345678;admin, manager, user
Rachim;Tiket;rachim@tiket.com;12345678;admin, manager, user
Rudy;Tiket;rudy@tiket.com;12345678;admin, manager
Niki;Tiket;niki@tiket.com;12345678;admin, manager, user
Rachim;Tiket;rachim@tiket.com;12345678;admin, manager, user
Rudy;Tiket;rudy@tiket.com;12345678;admin, manager
Niki;Tiket;niki@tiket.com;12345678;admin, manager, user
Rachim;Tiket;rachim@tiket.com;12345678;admin, manager, user
Rudy;Tiket;rudy@tiket.com;12345678;admin, manager
Niki;Tiket;niki@tiket.com;12345678;admin, manager, user
Rachim;Tiket;rachim@tiket.com;12345678;admin, manager, user
Rudy;Tiket;rudy@tiket.com;12345678;admin, manager
Niki;Tiket;niki@tiket.com;12345678;admin, manager, user
Rachim;Tiket;rachim@tiket.com;12345678;admin, manager, user
Rudy;Tiket;rudy@tiket.com;12345678;admin, manager
Niki;Tiket;niki@tiket.com;12345678;admin, manager, user
Rachim;Tiket;rachim@tiket.com;12345678;admin, manager, user
Rudy;Tiket;rudy@tiket.com;12345678;admin, manager
Niki;Tiket;niki@tiket.com;12345678;admin, manager, user
Rachim;Tiket;rachim@tiket.com;12345678;admin, manager, user
Rudy;Tiket;rudy@tiket.com;12345678;admin, manager
Niki;Tiket;niki@tiket.com;12345678;admin, manager, user
Rachim;Tiket;rachim@tiket.com;12345678;admin, manager, user
Rudy;Tiket;rudy@tiket.com;12345678;admin, manager
Niki;Tiket;niki@tiket.com;12345678;admin, manager, user
Rachim;Tiket;rachim@tiket.com;12345678;admin, manager, user
Rudy;Tiket;rudy@tiket.com;12345678;admin, manager
Niki;Tiket;niki@tiket.com;12345678;admin, manager, user
Rachim;Tiket;rachim@tiket.com;12345678;admin, manager, user
Rudy;Tiket;rudy@tiket.com;12345678;admin, manager
Niki;Tiket;niki@tiket.com;12345678;admin, manager, user
Rachim;Tiket;rachim@tiket.com;12345678;admin, manager, user
Rudy;Tiket;rudy@tiket.com;12345678;admin, manager
Niki;Tiket;niki@tiket.com;12345678;admin, manager, user
Rachim;Tiket;rachim@tiket.com;12345678;admin, manager, user
Rudy;Tiket;rudy@tiket.com;12345678;admin, manager
Niki;Tiket;niki@tiket.com;12345678;admin, manager, user
Rachim;Tiket;rachim@tiket.com;12345678;admin, manager, user
Rudy;Tiket;rudy@tiket.com;12345678;admin, manager
Niki;Tiket;niki@tiket.com;12345678;admin, manager, user
Rachim;Tiket;rachim@tiket.com;12345678;admin, manager, user
Rudy;Tiket;rudy@tiket.com;12345678;admin, manager
Niki;Tiket;niki@tiket.com;12345678;admin, manager, user
Rachim;Tiket;rachim@tiket.com;12345678;admin, manager, user
Rudy;Tiket;rudy@tiket.com;12345678;admin, manager
Niki;Tiket;niki@tiket.com;12345678;admin, manager, user
Rachim;Tiket;rachim@tiket.com;12345678;admin, manager, user
Rudy;Tiket;rudy@tiket.com;12345678;admin, manager
Niki;Tiket;niki@tiket.com;12345678;admin, manager, user
Rachim;Tiket;rachim@tiket.com;12345678;admin, manager, user
Rudy;Tiket;rudy@tiket.com;12345678;admin, manager
Niki;Tiket;niki@tiket.com;12345678;admin, manager, user
Rachim;Tiket;rachim@tiket.com;12345678;admin, manager, user
Rudy;Tiket;rudy@tiket.com;12345678;admin, manager
Niki;Tiket;niki@tiket.com;12345678;admin, manager, user
Rachim;Tiket;rachim@tiket.com;12345678;admin, manager, user
Rudy;Tiket;rudy@tiket.com;12345678;admin, manager
Niki;Tiket;niki@tiket.com;12345678;admin, manager, user
Rachim;Tiket;rachim@tiket.com;12345678;admin, manager, user
Rudy;Tiket;rudy@tiket.com;12345678;admin, manager
Niki;Tiket;niki@tiket.com;12345678;admin, manager, user
Rachim;Tiket;rachim@tiket.com;12345678;admin, manager, user
Rudy;Tiket;rudy@tiket.com;12345678;admin, manager
Niki;Tiket;niki@tiket.com;12345678;admin, manager, user
Rachim;Tiket;rachim@tiket.com;12345678;admin, manager, user
Rudy;Tiket;rudy@tiket.com;12345678;admin, manager
Niki;Tiket;niki@tiket.com;12345678;admin, manager, user
Rachim;Tiket;rachim@tiket.com;12345678;admin, manager, user
Rudy;Tiket;rudy@tiket.com;12345678;admin, manager
Niki;Tiket;niki@tiket.com;12345678;admin, manager, user
Rachim;Tiket;rachim@tiket.com;12345678;admin, manager, user
Rudy;Tiket;rudy@tiket.com;12345678;admin, manager
Niki;Tiket;niki@tiket.com;12345678;admin, manager, user
Rachim;Tiket;rachim@tiket.com;12345678;admin, manager, user
Rudy;Tiket;rudy@tiket.com;12345678;admin, manager
Niki;Tiket;niki@tiket.com;12345678;admin, manager, user
Rachim;Tiket;rachim@tiket.com;12345678;admin, manager, user
Rudy;Tiket;rudy@tiket.com;12345678;admin, manager
Niki;Tiket;niki@tiket.com;12345678;admin, manager, user
Rachim;Tiket;rachim@tiket.com;12345678;admin, manager, user
Rudy;Tiket;rudy@tiket.com;12345678;admin, manager
Niki;Tiket;niki@tiket.com;12345678;admin, manager, user
Rachim;Tiket;rachim@tiket.com;12345678;admin, manager, user
Rudy;Tiket;rudy@tiket.com;12345678;admin, manager
Niki;Tiket;niki@tiket.com;12345678;admin, manager, user
Rachim;Tiket;rachim@tiket.com;12345678;admin, manager, user
Rudy;Tiket;rudy@tiket.com;12345678;admin, manager
Niki;Tiket;niki@tiket.com;12345678;admin, manager, user
Rachim;Tiket;rachim@tiket.com;12345678;admin, manager, user
Rudy;Tiket;rudy@tiket.com;12345678;admin, manager
Niki;Tiket;niki@tiket.com;12345678;admin, manager, user
Rachim;Tiket;rachim@tiket.com;12345678;admin, manager, user
Rudy;Tiket;rudy@tiket.com;12345678;admin, manager
Niki;Tiket;niki@tiket.com;12345678;admin, manager, user
Rachim;Tiket;rachim@tiket.com;12345678;admin, manager, user
Rudy;Tiket;rudy@tiket.com;12345678;admin, manager
Niki;Tiket;niki@tiket.com;12345678;admin, manager, user
Rachim;Tiket;rachim@tiket.com;12345678;admin, manager, user
Rudy;Tiket;rudy@tiket.com;12345678;admin, manager
Niki;Tiket;niki@tiket.com;12345678;admin, manager, user
Rachim;Tiket;rachim@tiket.com;12345678;admin, manager, user
Rudy;Tiket;rudy@tiket.com;12345678;admin, manager
Niki;Tiket;niki@tiket.com;12345678;admin, manager, user
Rachim;Tiket;rachim@tiket.com;12345678;admin, manager, user
Rudy;Tiket;rudy@tiket.com;12345678;admin, manager
Niki;Tiket;niki@tiket.com;12345678;admin, manager, user
Rachim;Tiket;rachim@tiket.com;12345678;admin, manager, user
Rudy;Tiket;rudy@tiket.com;12345678;admin, manager
Niki;Tiket;niki@tiket.com;12345678;admin, manager, user
Rachim;Tiket;rachim@tiket.com;12345678;admin, manager, user
Rudy;Tiket;rudy@tiket.com;12345678;admin, manager
Niki;Tiket;niki@tiket.com;12345678;admin, manager, user
Rachim;Tiket;rachim@tiket.com;12345678;admin, manager, user
Rudy;Tiket;rudy@tiket.com;12345678;admin, manager
Niki;Tiket;niki@tiket.com;12345678;admin, manager, user
Rachim;Tiket;rachim@tiket.com;12345678;admin, manager, user
Rudy;Tiket;rudy@tiket.com;12345678;admin, manager
Niki;Tiket;niki@tiket.com;12345678;admin, manager, user
Rachim;Tiket;rachim@tiket.com;12345678;admin, manager, user
Rudy;Tiket;rudy@tiket.com;12345678;admin, manager
Niki;Tiket;niki@tiket.com;12345678;admin, manager, user
Rachim;Tiket;rachim@tiket.com;12345678;admin, manager, user
Rudy;Tiket;rudy@tiket.com;12345678;admin, manager
Niki;Tiket;niki@tiket.com;12345678;admin, manager, user
Rachim;Tiket;rachim@tiket.com;12345678;admin, manager, user
Rudy;Tiket;rudy@tiket.com;12345678;admin, manager
Niki;Tiket;niki@tiket.com;12345678;admin, manager, user
Rachim;Tiket;rachim@tiket.com;12345678;admin, manager, user
Rudy;Tiket;rudy@tiket.com;12345678;admin, manager
Niki;Tiket;niki@tiket.com;12345678;admin, manager, user
Rachim;Tiket;rachim@tiket.com;12345678;admin, manager, user
Rudy;Tiket;rudy@tiket.com;12345678;admin, manager
Niki;Tiket;niki@tiket.com;12345678;admin, manager, user
Rachim;Tiket;rachim@tiket.com;12345678;admin, manager, user
Rudy;Tiket;rudy@tiket.com;12345678;admin, manager
Niki;Tiket;niki@tiket.com;12345678;admin, manager, user
Rachim;Tiket;rachim@tiket.com;12345678;admin, manager, user
Rudy;Tiket;rudy@tiket.com;12345678;admin, manager
Niki;Tiket;niki@tiket.com;12345678;admin, manager, user
Rachim;Tiket;rachim@tiket.com;12345678;admin, manager, user
Rudy;Tiket;rudy@tiket.com;12345678;admin, manager
Niki;Tiket;niki@tiket.com;12345678;admin, manager, user
Rachim;Tiket;rachim@tiket.com;12345678;admin, manager, user
Rudy;Tiket;rudy@tiket.com;12345678;admin, manager
Niki;Tiket;niki@tiket.com;12345678;admin, manager, user
Rachim;Tiket;rachim@tiket.com;12345678;admin, manager, user
Rudy;Tiket;rudy@tiket.com;12345678;admin, manager
Niki;Tiket;niki@tiket.com;12345678;admin, manager, user
Rachim;Tiket;rachim@tiket.com;12345678;admin, manager, user
Rudy;Tiket;rudy@tiket.com;12345678;admin, manager
Niki;Tiket;niki@tiket.com;12345678;admin, manager, user
Rachim;Tiket;rachim@tiket.com;12345678;admin, manager, user
Rudy;Tiket;rudy@tiket.com;12345678;admin, manager
Niki;Tiket;niki@tiket.com;12345678;admin, manager, user
Rachim;Tiket;rachim@tiket.com;12345678;admin, manager, user
Rudy;Tiket;rudy@tiket.com;12345678;admin, manager
Niki;Tiket;niki@tiket.com;12345678;admin, manager, user
Rachim;Tiket;rachim@tiket.com;12345678;admin, manager, user
Rudy;Tiket;rudy@tiket.com;12345678;admin, manager
Niki;Tiket;niki@tiket.com;12345678;admin, manager, user
Rachim;Tiket;rachim@tiket.com;12345678;admin, manager, user
Rudy;Tiket;rudy@tiket.com;12345678;admin, manager
Niki;Tiket;niki@tiket.com;12345678;admin, manager, user
Rachim;Tiket;rachim@tiket.com;12345678;admin, manager, user
Rudy;Tiket;rudy@tiket.com;12345678;admin, manager
Niki;Tiket;niki@tiket.com;12345678;admin, manager, user
Rachim;Tiket;rachim@tiket.com;12345678;admin, manager, user
Rudy;Tiket;rudy@tiket.com;12345678;admin, manager
Niki;Tiket;niki@tiket.com;12345678;admin, manager, user
Rachim;Tiket;rachim@tiket.com;12345678;admin, manager, user
Rudy;Tiket;rudy@tiket.com;12345678;admin, manager
Niki;Tiket;niki@tiket.com;12345678;admin, manager, user
Rachim;Tiket;rachim@tiket.com;12345678;admin, manager, user
Rudy;Tiket;rudy@tiket.com;12345678;admin, manager
Niki;Tiket;niki@tiket.com;12345678;admin, manager, user
Rachim;Tiket;rachim@tiket.com;12345678;admin, manager, user
Rudy;Tiket;rudy@tiket.com;12345678;admin, manager
Niki;Tiket;niki@tiket.com;12345678;admin, manager, user
Rachim;Tiket;rachim@tiket.com;12345678;admin, manager, user
Rudy;Tiket;rudy@tiket.com;12345678;admin, manager
Niki;Tiket;niki@tiket.com;12345678;admin, manager, user
Rachim;Tiket;rachim@tiket.com;12345678;admin, manager, user
Rudy;Tiket;rudy@tiket.com;12345678;admin, manager
Niki;Tiket;niki@tiket.com;12345678;admin, manager, user
Rachim;Tiket;rachim@tiket.com;12345678;admin, manager, user
Rudy;Tiket;rudy@tiket.com;12345678;admin, manager
Niki;Tiket;niki@tiket.com;12345678;admin, manager, user
Rachim;Tiket;rachim@tiket.com;12345678;admin, manager, user
Rudy;Tiket;rudy@tiket.com;12345678;admin, manager
Niki;Tiket;niki@tiket.com;12345678;admin, manager, user
Rachim;Tiket;rachim@tiket.com;12345678;admin, manager, user
Rudy;Tiket;rudy@tiket.com;12345678;admin, manager
Niki;Tiket;niki@tiket.com;12345678;admin, manager, user
Rachim;Tiket;rachim@tiket.com;12345678;admin, manager, user
Rudy;Tiket;rudy@tiket.com;12345678;admin, manager
Niki;Tiket;niki@tiket.com;12345678;admin, manager, user
Rachim;Tiket;rachim@tiket.com;12345678;admin, manager, user
Rudy;Tiket;rudy@tiket.com;12345678;admin, manager
Niki;Tiket;niki@tiket.com;12345678;admin, manager, user
Rachim;Tiket;rachim@tiket.com;12345678;admin, manager, user
Rudy;Tiket;rudy@tiket.com;12345678;admin, manager
Niki;Tiket;niki@tiket.com;12345678;admin, manager, user
Rachim;Tiket;rachim@tiket.com;12345678;admin, manager, user
Rudy;Tiket;rudy@tiket.com;12345678;admin, manager
Niki;Tiket;niki@tiket.com;12345678;admin, manager, user
Rachim;Tiket;rachim@tiket.com;12345678;admin, manager, user
Rudy;Tiket;rudy@tiket.com;12345678;admin, manager
Niki;Tiket;niki@tiket.com;12345678;admin, manager, user
Rachim;Tiket;rachim@tiket.com;12345678;admin, manager, user
Rudy;Tiket;rudy@tiket.com;12345678;admin, manager
Niki;Tiket;niki@tiket.com;12345678;admin, manager, user
Rachim;Tiket;rachim@tiket.com;12345678;admin, manager, user
Rudy;Tiket;rudy@tiket.com;12345678;admin, manager
Niki;Tiket;niki@tiket.com;12345678;admin, manager, user
Rachim;Tiket;rachim@tiket.com;12345678;admin, manager, user
Rudy;Tiket;rudy@tiket.com;12345678;admin, manager
Niki;Tiket;niki@tiket.com;12345678;admin, manager, user
Rachim;Tiket;rachim@tiket.com;12345678;admin, manager, user
Rudy;Tiket;rudy@tiket.com;12345678;admin, manager
Niki;Tiket;niki@tiket.com;12345678;admin, manager, user
Rachim;Tiket;rachim@tiket.com;12345678;admin, manager, user
Rudy;Tiket;rudy@tiket.com;12345678;admin, manager
Niki;Tiket;niki@tiket.com;12345678;admin, manager, user
Rachim;Tiket;rachim@tiket.com;12345678;admin, manager, user
Rudy;Tiket;rudy@tiket.com;12345678;admin, manager
Niki;Tiket;niki@tiket.com;12345678;admin, manager, user
Rachim;Tiket;rachim@tiket.com;12345678;admin, manager, user
Rudy;Tiket;rudy@tiket.com;12345678;admin, manager
Niki;Tiket;niki@tiket.com;12345678;admin, manager, user
Rachim;Tiket;rachim@tiket.com;12345678;admin, manager, user
Rudy;Tiket;rudy@tiket.com;12345678;admin, manager
Niki;Tiket;niki@tiket.com;12345678;admin, manager, user
Rachim;Tiket;rachim@tiket.com;12345678;admin, manager, user
Rudy;Tiket;rudy@tiket.com;12345678;admin, manager
Niki;Tiket;niki@tiket.com;12345678;admin, manager, user
Rachim;Tiket;rachim@tiket.com;12345678;admin, manager, user
Rudy;Tiket;rudy@tiket.com;12345678;admin, manager
Niki;Tiket;niki@tiket.com;12345678;admin, manager, user
Rachim;Tiket;rachim@tiket.com;12345678;admin, manager, user
Rudy;Tiket;rudy@tiket.com;12345678;admin, manager
Niki;Tiket;niki@tiket.com;12345678;admin, manager, user
Rachim;Tiket;rachim@tiket.com;12345678;admin, manager, user
Rudy;Tiket;rudy@tiket.com;12345678;admin, manager
Niki;Tiket;niki@tiket.com;12345678;admin, manager, user
Rachim;Tiket;rachim@tiket.com;12345678;admin, manager, user
Rudy;Tiket;rudy@tiket.com;12345678;admin, manager
Niki;Tiket;niki@tiket.com;12345678;admin, manager, user
Rachim;Tiket;rachim@tiket.com;12345678;admin, manager, user
Rudy;Tiket;rudy@tiket.com;12345678;admin, manager
Niki;Tiket;niki@tiket.com;12345678;admin, manager, user
Rachim;Tiket;rachim@tiket.com;12345678;admin, manager, user
Rudy;Tiket;rudy@tiket.com;12345678;admin, manager
Niki;Tiket;niki@tiket.com;12345678;admin, manager, user
Rachim;Tiket;rachim@tiket.com;12345678;admin, manager, user
Rudy;Tiket;rudy@tiket.com;12345678;admin, manager
Niki;Tiket;niki@tiket.com;12345678;admin, manager, user
Rachim;Tiket;rachim@tiket.com;12345678;admin, manager, user
Rudy;Tiket;rudy@tiket.com;12345678;admin, manager
Niki;Tiket;niki@tiket.com;12345678;admin, manager, user
Rachim;Tiket;rachim@tiket.com;12345678;admin, manager, user
Rudy;Tiket;rudy@tiket.com;12345678;admin, manager
Niki;Tiket;niki@tiket.com;12345678;admin, manager, user
Rachim;Tiket;rachim@tiket.com;12345678;admin, manager, user
Rudy;Tiket;rudy@tiket.com;12345678;admin, manager
Niki;Tiket;niki@tiket.com;12345678;admin, manager, user
Rachim;Tiket;rachim@tiket.com;12345678;admin, manager, user
Rudy;Tiket;rudy@tiket.com;12345678;admin, manager
Niki;Tiket;niki@tiket.com;12345678;admin, manager, user
Rachim;Tiket;rachim@tiket.com;12345678;admin, manager, user
Rudy;Tiket;rudy@tiket.com;12345678;admin, manager
Niki;Tiket;niki@tiket.com;12345678;admin, manager, user
Rachim;Tiket;rachim@tiket.com;12345678;admin, manager, user
Rudy;Tiket;rudy@tiket.com;12345678;admin, manager
Niki;Tiket;niki@tiket.com;12345678;admin, manager, user
Rachim;Tiket;rachim@tiket.com;12345678;admin, manager, user
Rudy;Tiket;rudy@tiket.com;12345678;admin, manager
Niki;Tiket;niki@tiket.com;12345678;admin, manager, user
Rachim;Tiket;rachim@tiket.com;12345678;admin, manager, user
Rudy;Tiket;rudy@tiket.com;12345678;admin, manager
Niki;Tiket;niki@tiket.com;12345678;admin, manager, user
Rachim;Tiket;rachim@tiket.com;12345678;admin, manager, user
Rudy;Tiket;rudy@tiket.com;12345678;admin, manager
Niki;Tiket;niki@tiket.com;12345678;admin, manager, user
Rachim;Tiket;rachim@tiket.com;12345678;admin, manager, user
Rudy;Tiket;rudy@tiket.com;12345678;admin, manager
Niki;Tiket;niki@tiket.com;12345678;admin, manager, user
Rachim;Tiket;rachim@tiket.com;12345678;admin, manager, user
Rudy;Tiket;rudy@tiket.com;12345678;admin, manager
Niki;Tiket;niki@tiket.com;12345678;admin, manager, user
Rachim;Tiket;rachim@tiket.com;12345678;admin, manager, user
Rudy;Tiket;rudy@tiket.com;12345678;admin, manager
Niki;Tiket;niki@tiket.com;12345678;admin, manager, user
Rachim;Tiket;rachim@tiket.com;12345678;admin, manager, user
Rudy;Tiket;rudy@tiket.com;12345678;admin, manager
Niki;Tiket;niki@tiket.com;12345678;admin, manager, user
Rachim;Tiket;rachim@tiket.com;12345678;admin, manager, user
Rudy;Tiket;rudy@tiket.com;12345678;admin, manager
Niki;Tiket;niki@tiket.com;12345678;admin, manager, user
Rachim;Tiket;rachim@tiket.com;12345678;admin, manager, user
Rudy;Tiket;rudy@tiket.com;12345678;admin, manager
Niki;Tiket;niki@tiket.com;12345678;admin, manager, user
Rachim;Tiket;rachim@tiket.com;12345678;admin, manager, user
Rudy;Tiket;rudy@tiket.com;12345678;admin, manager
Niki;Tiket;niki@tiket.com;12345678;admin, manager, user
Rachim;Tiket;rachim@tiket.com;12345678;admin, manager, user
Rudy;Tiket;rudy@tiket.com;12345678;admin, manager
Niki;Tiket;niki@tiket.com;12345678;admin, manager, user
Rachim;Tiket;rachim@tiket.com;12345678;admin, manager, user
Rudy;Tiket;rudy@tiket.com;12345678;admin, manager
Niki;Tiket;niki@tiket.com;12345678;admin, manager, user
Rachim;Tiket;rachim@tiket.com;12345678;admin, manager, user
Rudy;Tiket;rudy@tiket.com;12345678;admin, manager
Niki;Tiket;niki@tiket.com;12345678;admin, manager, user
Rachim;Tiket;rachim@tiket.com;12345678;admin, manager, user
Rudy;Tiket;rudy@tiket.com;12345678;admin, manager
Niki;Tiket;niki@tiket.com;12345678;admin, manager, user
Rachim;Tiket;rachim@tiket.com;12345678;admin, manager, user
Rudy;Tiket;rudy@tiket.com;12345678;admin, manager
Niki;Tiket;niki@tiket.com;12345678;admin, manager, user
Rachim;Tiket;rachim@tiket.com;12345678;admin, manager, user
Rudy;Tiket;rudy@tiket.com;12345678;admin, manager
Niki;Tiket;niki@tiket.com;12345678;admin, manager, user
Rachim;Tiket;rachim@tiket.com;12345678;admin, manager, user
Rudy;Tiket;rudy@tiket.com;12345678;admin, manager
Niki;Tiket;niki@tiket.com;12345678;admin, manager, user
Rachim;Tiket;rachim@tiket.com;12345678;admin, manager, user
Rudy;Tiket;rudy@tiket.com;12345678;admin, manager
Niki;Tiket;niki@tiket.com;12345678;admin, manager, user
Rachim;Tiket;rachim@tiket.com;12345678;admin, manager, user
Rudy;Tiket;rudy@tiket.com;12345678;admin, manager
Niki;Tiket;niki@tiket.com;12345678;admin, manager, user
Rachim;Tiket;rachim@tiket.com;12345678;admin, manager, user
Rudy;Tiket;rudy@tiket.com;12345678;admin, manager
Niki;Tiket;niki@tiket.com;12345678;admin, manager, user
Rachim;Tiket;rachim@tiket.com;12345678;admin, manager, user
Rudy;Tiket;rudy@tiket.com;12345678;admin, manager
Niki;Tiket;niki@tiket.com;12345678;admin, manager, user
Rachim;Tiket;rachim@tiket.com;12345678;admin, manager, user
Rudy;Tiket;rudy@tiket.com;12345678;admin, manager
Niki;Tiket;niki@tiket.com;12345678;admin, manager, user
Rachim;Tiket;rachim@tiket.com;12345678;admin, manager, user
Rudy;Tiket;rudy@tiket.com;12345678;admin, manager
Niki;Tiket;niki@tiket.com;12345678;admin, manager, user
Rachim;Tiket;rachim@tiket.com;12345678;admin, manager, user
Rudy;Tiket;rudy@tiket.com;12345678;admin, manager
Niki;Tiket;niki@tiket.com;12345678;admin, manager, user
Rachim;Tiket;rachim@tiket.com;12345678;admin, manager, user
Rudy;Tiket;rudy@tiket.com;12345678;admin, manager
Niki;Tiket;niki@tiket.com;12345678;admin, manager, user
Rachim;Tiket;rachim@tiket.com;12345678;admin, manager, user
Rudy;Tiket;rudy@tiket.com;12345678;admin, manager
Niki;Tiket;niki@tiket.com;12345678;admin, manager, user
Rachim;Tiket;rachim@tiket.com;12345678;admin, manager, user
Rudy;Tiket;rudy@tiket.com;12345678;admin, manager
Niki;Tiket;niki@tiket.com;12345678;admin, manager, user
Rachim;Tiket;rachim@tiket.com;12345678;admin, manager, user
Rudy;Tiket;rudy@tiket.com;12345678;admin, manager
Niki;Tiket;niki@tiket.com;12345678;admin, manager, user
Rachim;Tiket;rachim@tiket.com;12345678;admin, manager, user
Rudy;Tiket;rudy@tiket.com;12345678;admin, manager
Niki;Tiket;niki@tiket.com;12345678;admin, manager, user
Rachim;Tiket;rachim@tiket.com;12345678;admin, manager, user
Rudy;Tiket;rudy@tiket.com;12345678;admin, manager
Niki;Tiket;niki@tiket.com;12345678;admin, manager, user
Rachim;Tiket;rachim@tiket.com;12345678;admin, manager, user
Rudy;Tiket;rudy@tiket.com;12345678;admin, manager
Niki;Tiket;niki@tiket.com;12345678;admin, manager, user
Rachim;Tiket;rachim@tiket.com;12345678;admin, manager, user
Rudy;Tiket;rudy@tiket.com;12345678;admin, manager
Niki;Tiket;niki@tiket.com;12345678;admin, manager, user
Rachim;Tiket;rachim@tiket.com;12345678;admin, manager, user
Rudy;Tiket;rudy@tiket.com;12345678;admin, manager
Niki;Tiket;niki@tiket.com;12345678;admin, manager, user
Rachim;Tiket;rachim@tiket.com;12345678;admin, manager, user
Rudy;Tiket;rudy@tiket.com;12345678;admin, manager
Niki;Tiket;niki@tiket.com;12345678;admin, manager, user
Rachim;Tiket;rachim@tiket.com;12345678;admin, manager, user
Rudy;Tiket;rudy@tiket.com;12345678;admin, manager
Niki;Tiket;niki@tiket.com;12345678;admin, manager, user
Rachim;Tiket;rachim@tiket.com;12345678;admin, manager, user
Rudy;Tiket;rudy@tiket.com;12345678;admin, manager
Niki;Tiket;niki@tiket.com;12345678;admin, manager, user
Rachim;Tiket;rachim@tiket.com;12345678;admin, manager, user
Rudy;Tiket;rudy@tiket.com;12345678;admin, manager
Niki;Tiket;niki@tiket.com;12345678;admin, manager, user
Rachim;Tiket;rachim@tiket.com;12345678;admin, manager, user
Rudy;Tiket;rudy@tiket.com;12345678;admin, manager
Niki;Tiket;niki@tiket.com;12345678;admin, manager, user
Rachim;Tiket;rachim@tiket.com;12345678;admin, manager, user
Rudy;Tiket;rudy@tiket.com;12345678;admin, manager
Niki;Tiket;niki@tiket.com;12345678;admin, manager, user
Rachim;Tiket;rachim@tiket.com;12345678;admin, manager, user
Rudy;Tiket;rudy@tiket.com;12345678;admin, manager
Niki;Tiket;niki@tiket.com;12345678;admin, manager, user
Rachim;Tiket;rachim@tiket.com;12345678;admin, manager, user
Rudy;Tiket;rudy@tiket.com;12345678;admin, manager
Niki;Tiket;niki@tiket.com;12345678;admin, manager, user
Rachim;Tiket;rachim@tiket.com;12345678;admin, manager, user
Rudy;Tiket;rudy@tiket.com;12345678;admin, manager
Niki;Tiket;niki@tiket.com;12345678;admin, manager, user
Rachim;Tiket;rachim@tiket.com;12345678;admin, manager, user
Rudy;Tiket;rudy@tiket.com;12345678;admin, manager
Niki;Tiket;niki@tiket.com;12345678;admin, manager, user
Rachim;Tiket;rachim@tiket.com;12345678;admin, manager, user
Rudy;Tiket;rudy@tiket.com;12345678;admin, manager
Niki;Tiket;niki@tiket.com;12345678;admin, manager, user
Rachim;Tiket;rachim@tiket.com;12345678;admin, manager, user
Rudy;Tiket;rudy@tiket.com;12345678;admin, manager
Niki;Tiket;niki@tiket.com;12345678;admin, manager, user
Rachim;Tiket;rachim@tiket.com;12345678;admin, manager, user
Rudy;Tiket;rudy@tiket.com;12345678;admin, manager
Niki;Tiket;niki@tiket.com;12345678;admin, manager, user
Rachim;Tiket;rachim@tiket.com;12345678;admin, manager, user
Rudy;Tiket;rudy@tiket.com;12345678;admin, manager
Niki;Tiket;niki@tiket.com;12345678;admin, manager, user
Rachim;Tiket;rachim@tiket.com;12345678;admin, manager, user
Rudy;Tiket;rudy@tiket.com;12345678;admin, manager
Niki;Tiket;niki@tiket.com;12345678;admin, manager, user
Rachim;Tiket;rachim@tiket.com;12345678;admin, manager, user
Rudy;Tiket;rudy@tiket.com;12345678;admin, manager
Niki;Tiket;niki@tiket.com;12345678;admin, manager, user
Rachim;Tiket;rachim@tiket.com;12345678;admin, manager, user
Rudy;Tiket;rudy@tiket.com;12345678;admin, manager
Niki;Tiket;niki@tiket.com;12345678;admin, manager, user
Rachim;Tiket;rachim@tiket.com;12345678;admin, manager, user
Rudy;Tiket;rudy@tiket.com;12345678;admin, manager
Niki;Tiket;niki@tiket.com;12345678;admin, manager, user
Rachim;Tiket;rachim@tiket.com;12345678;admin, manager, user
Rudy;Tiket;rudy@tiket.com;12345678;admin, manager
Niki;Tiket;niki@tiket.com;12345678;admin, manager, user
Rachim;Tiket;rachim@tiket.com;12345678;admin, manager, user
Rudy;Tiket;rudy@tiket.com;12345678;admin, manager
Niki;Tiket;niki@tiket.com;12345678;admin, manager, user
Rachim;Tiket;rachim@tiket.com;12345678;admin, manager, user
Rudy;Tiket;rudy@tiket.com;12345678;admin, manager
Niki;Tiket;niki@tiket.com;12345678;admin, manager, user
Rachim;Tiket;rachim@tiket.com;12345678;admin, manager, user
Rudy;Tiket;rudy@tiket.com;12345678;admin, manager
Niki;Tiket;niki@tiket.com;12345678;admin, manager, user
Rachim;Tiket;rachim@tiket.com;12345678;admin, manager, user
Rudy;Tiket;rudy@tiket.com;12345678;admin, manager
Niki;Tiket;niki@tiket.com;12345678;admin, manager, user
Rachim;Tiket;rachim@tiket.com;12345678;admin, manager, user
Rudy;Tiket;rudy@tiket.com;12345678;admin, manager
Niki;Tiket;niki@tiket.com;12345678;admin, manager, user
Rachim;Tiket;rachim@tiket.com;12345678;admin, manager, user
Rudy;Tiket;rudy@tiket.com;12345678;admin, manager
Niki;Tiket;niki@tiket.com;12345678;admin, manager, user
Rachim;Tiket;rachim@tiket.com;12345678;admin, manager, user
Rudy;Tiket;rudy@tiket.com;12345678;admin, manager
Niki;Tiket;niki@tiket.com;12345678;admin, manager, user
Rachim;Tiket;rachim@tiket.com;12345678;admin, manager, user
Rudy;Tiket;rudy@tiket.com;12345678;admin, manager
Niki;Tiket;niki@tiket.com;12345678;admin, manager, user
Rachim;Tiket;rachim@tiket.com;12345678;admin, manager, user
Rudy;Tiket;rudy@tiket.com;12345678;admin, manager
Niki;Tiket;niki@tiket.com;12345678;admin, manager, user
Rachim;Tiket;rachim@tiket.com;12345678;admin, manager, user
Rudy;Tiket;rudy@tiket.com;12345678;admin, manager
Niki;Tiket;niki@tiket.com;12345678;admin, manager, user
Rachim;Tiket;rachim@tiket.com;12345678;admin, manager, user
Rudy;Tiket;rudy@tiket.com;12345678;admin, manager
Niki;Tiket;niki@tiket.com;12345678;admin, manager, user
Rachim;Tiket;rachim@tiket.com;12345678;admin, manager, user
Rudy;Tiket;rudy@tiket.com;12345678;admin, manager
Niki;Tiket;niki@tiket.com;12345678;admin, manager, user
Rachim;Tiket;rachim@tiket.com;12345678;admin, manager, user
Rudy;Tiket;rudy@tiket.com;12345678;admin, manager
Niki;Tiket;niki@tiket.com;12345678;admin, manager, user
Rachim;Tiket;rachim@tiket.com;12345678;admin, manager, user
Rudy;Tiket;rudy@tiket.com;12345678;admin, manager
Niki;Tiket;niki@tiket.com;12345678;admin, manager, user
Rachim;Tiket;rachim@tiket.com;12345678;admin, manager, user
Rudy;Tiket;rudy@tiket.com;12345678;admin, manager
Niki;Tiket;niki@tiket.com;12345678;admin, manager, user
Rachim;Tiket;rachim@tiket.com;12345678;admin, manager, user
Rudy;Tiket;rudy@tiket.com;12345678;admin, manager
Niki;Tiket;niki@tiket.com;12345678;admin, manager, user
Rachim;Tiket;rachim@tiket.com;12345678;admin, manager, user
Rudy;Tiket;rudy@tiket.com;12345678;admin, manager
Niki;Tiket;niki@tiket.com;12345678;admin, manager, user
Rachim;Tiket;rachim@tiket.com;12345678;admin, manager, user
Rudy;Tiket;rudy@tiket.com;12345678;admin, manager
Niki;Tiket;niki@tiket.com;12345678;admin, manager, user
Rachim;Tiket;rachim@tiket.com;12345678;admin, manager, user
Rudy;Tiket;rudy@tiket.com;12345678;admin, manager
Niki;Tiket;niki@tiket.com;12345678;admin, manager, user
Rachim;Tiket;rachim@tiket.com;12345678;admin, manager, user
Rudy;Tiket;rudy@tiket.com;12345678;admin, manager
Niki;Tiket;niki@tiket.com;12345678;admin, manager, user
Rachim;Tiket;rachim@tiket.com;12345678;admin, manager, user
Rudy;Tiket;rudy@tiket.com;12345678;admin, manager
Niki;Tiket;niki@tiket.com;12345678;admin, manager, user
Rachim;Tiket;rachim@tiket.com;12345678;admin, manager, user
Rudy;Tiket;rudy@tiket.com;12345678;admin, manager
Niki;Tiket;niki@tiket.com;12345678;admin, manager, user
Rachim;Tiket;rachim@tiket.com;12345678;admin, manager, user
Rudy;Tiket;rudy@tiket.com;12345678;admin, manager
Niki;Tiket;niki@tiket.com;12345678;admin, manager, user
Rachim;Tiket;rachim@tiket.com;12345678;admin, manager, user
Rudy;Tiket;rudy@tiket.com;12345678;admin, manager
Niki;Tiket;niki@tiket.com;12345678;admin, manager, user
Rachim;Tiket;rachim@tiket.com;12345678;admin, manager, user
Rudy;Tiket;rudy@tiket.com;12345678;admin, manager
Niki;Tiket;niki@tiket.com;12345678;admin, manager, user
Rachim;Tiket;rachim@tiket.com;12345678;admin, manager, user
Rudy;Tiket;rudy@tiket.com;12345678;admin, manager
Niki;Tiket;niki@tiket.com;12345678;admin, manager, user
Rachim;Tiket;rachim@tiket.com;12345678;admin, manager, user
Rudy;Tiket;rudy@tiket.com;12345678;admin, manager
Niki;Tiket;niki@tiket.com;12345678;admin, manager, user
Rachim;Tiket;rachim@tiket.com;12345678;admin, manager, user
Rudy;Tiket;rudy@tiket.com;12345678;admin, manager
Niki;Tiket;niki@tiket.com;12345678;admin, manager, user
Rachim;Tiket;rachim@tiket.com;12345678;admin, manager, user
Rudy;Tiket;rudy@tiket.com;12345678;admin, manager
Niki;Tiket;niki@tiket.com;12345678;admin, manager, user
Rachim;Tiket;rachim@tiket.com;12345678;admin, manager, user
Rudy;Tiket;rudy@tiket.com;12345678;admin, manager
Niki;Tiket;niki@tiket.com;12345678;admin, manager, user
Rachim;Tiket;rachim@tiket.com;12345678;admin, manager, user
Rudy;Tiket;rudy@tiket.com;12345678;admin, manager
Niki;Tiket;niki@tiket.com;12345678;admin, manager, user
Rachim;Tiket;rachim@tiket.com;12345678;admin, manager, user
Rudy;Tiket;rudy@tiket.com;12345678;admin, manager
Niki;Tiket;niki@tiket.com;12345678;admin, manager, user
Rachim;Tiket;rachim@tiket.com;12345678;admin, manager, user
Rudy;Tiket;rudy@tiket.com;12345678;admin, manager
Niki;Tiket;niki@tiket.com;12345678;admin, manager, user
Rachim;Tiket;rachim@tiket.com;12345678;admin, manager, user
Rudy;Tiket;rudy@tiket.com;12345678;admin, manager
Niki;Tiket;niki@tiket.com;12345678;admin, manager, user
Rachim;Tiket;rachim@tiket.com;12345678;admin, manager, user
Rudy;Tiket;rudy@tiket.com;12345678;admin, manager
Niki;Tiket;niki@tiket.com;12345678;admin, manager, user
Rachim;Tiket;rachim@tiket.com;12345678;admin, manager, user
Rudy;Tiket;rudy@tiket.com;12345678;admin, manager
Niki;Tiket;niki@tiket.com;12345678;admin, manager, user
Rachim;Tiket;rachim@tiket.com;12345678;admin, manager, user
Rudy;Tiket;rudy@tiket.com;12345678;admin, manager
Niki;Tiket;niki@tiket.com;12345678;admin, manager, user
Rachim;Tiket;rachim@tiket.com;12345678;admin, manager, user
Rudy;Tiket;rudy@tiket.com;12345678;admin, manager
Niki;Tiket;niki@tiket.com;12345678;admin, manager, user
Rachim;Tiket;rachim@tiket.com;12345678;admin, manager, user
Rudy;Tiket;rudy@tiket.com;12345678;admin, manager
Niki;Tiket;niki@tiket.com;12345678;admin, manager, user
Rachim;Tiket;rachim@tiket.com;12345678;admin, manager, user
Rudy;Tiket;rudy@tiket.com;12345678;admin, manager
Niki;Tiket;niki@tiket.com;12345678;admin, manager, user
Rachim;Tiket;rachim@tiket.com;12345678;admin, manager, user
Rudy;Tiket;rudy@tiket.com;12345678;admin, manager
Niki;Tiket;niki@tiket.com;12345678;admin, manager, user
Rachim;Tiket;rachim@tiket.com;12345678;admin, manager, user
Rudy;Tiket;rudy@tiket.com;12345678;admin, manager
Niki;Tiket;niki@tiket.com;12345678;admin, manager, user
Rachim;Tiket;rachim@tiket.com;12345678;admin, manager, user
Rudy;Tiket;rudy@tiket.com;12345678;admin, manager
Niki;Tiket;niki@tiket.com;12345678;admin, manager, user
Rachim;Tiket;rachim@tiket.com;12345678;admin, manager, user
Rudy;Tiket;rudy@tiket.com;12345678;admin, manager
Niki;Tiket;niki@tiket.com;12345678;admin, manager, user
Rachim;Tiket;rachim@tiket.com;12345678;admin, manager, user
Rudy;Tiket;rudy@tiket.com;12345678;admin, manager
Niki;Tiket;niki@tiket.com;12345678;admin, manager, user
Rachim;Tiket;rachim@tiket.com;12345678;admin, manager, user
Rudy;Tiket;rudy@tiket.com;12345678;admin, manager
Niki;Tiket;niki@tiket.com;12345678;admin, manager, user
Rachim;Tiket;rachim@tiket.com;12345678;admin, manager, user
Rudy;Tiket;rudy@tiket.com;12345678;admin, manager
Niki;Tiket;niki@tiket.com;12345678;admin, manager, user
Rachim;Tiket;rachim@tiket.com;12345678;admin, manager, user
Rudy;Tiket;rudy@tiket.com;12345678;admin, manager
Niki;Tiket;niki@tiket.com;12345678;admin, manager, user
Rachim;Tiket;rachim@tiket.com;12345678;admin, manager, user
Rudy;Tiket;rudy@tiket.com;12345678;admin, manager
Niki;Tiket;niki@tiket.com;12345678;admin, manager, user
Rachim;Tiket;rachim@tiket.com;12345678;admin, manager, user
Rudy;Tiket;rudy@tiket.com;12345678;admin, manager
Niki;Tiket;niki@tiket.com;12345678;admin, manager, user
Rachim;Tiket;rachim@tiket.com;12345678;admin, manager, user
Rudy;Tiket;rudy@tiket.com;12345678;admin, manager
Niki;Tiket;niki@tiket.com;12345678;admin, manager, user
Rachim;Tiket;rachim@tiket.com;12345678;admin, manager, user
Rudy;Tiket;rudy@tiket.com;12345678;admin, manager
Niki;Tiket;niki@tiket.com;12345678;admin, manager, user
Rachim;Tiket;rachim@tiket.com;12345678;admin, manager, user
Rudy;Tiket;rudy@tiket.com;12345678;admin, manager
Niki;Tiket;niki@tiket.com;12345678;admin, manager, user
Rachim;Tiket;rachim@tiket.com;12345678;admin, manager, user
Rudy;Tiket;rudy@tiket.com;12345678;admin, manager
Niki;Tiket;niki@tiket.com;12345678;admin, manager, user
Rachim;Tiket;rachim@tiket.com;12345678;admin, manager, user
Rudy;Tiket;rudy@tiket.com;12345678;admin, manager
Niki;Tiket;niki@tiket.com;12345678;admin, manager, user
Rachim;Tiket;rachim@tiket.com;12345678;admin, manager, user
Rudy;Tiket;rudy@tiket.com;12345678;admin, manager
Niki;Tiket;niki@tiket.com;12345678;admin, manager, user
Rachim;Tiket;rachim@tiket.com;12345678;admin, manager, user
Rudy;Tiket;rudy@tiket.com;12345678;admin, manager
Niki;Tiket;niki@tiket.com;12345678;admin, manager, user
Rachim;Tiket;rachim@tiket.com;12345678;admin, manager, user
Rudy;Tiket;rudy@tiket.com;12345678;admin, manager
Niki;Tiket;niki@tiket.com;12345678;admin, manager, user
Rachim;Tiket;rachim@tiket.com;12345678;admin, manager, user
Rudy;Tiket;rudy@tiket.com;12345678;admin, manager
Niki;Tiket;niki@tiket.com;12345678;admin, manager, user
Rachim;Tiket;rachim@tiket.com;12345678;admin, manager, user
Rudy;Tiket;rudy@tiket.com;12345678;admin, manager
Niki;Tiket;niki@tiket.com;12345678;admin, manager, user
Rachim;Tiket;rachim@tiket.com;12345678;admin, manager, user
Rudy;Tiket;rudy@tiket.com;12345678;admin, manager
Niki;Tiket;niki@tiket.com;12345678;admin, manager, user
Rachim;Tiket;rachim@tiket.com;12345678;admin, manager, user
Rudy;Tiket;rudy@tiket.com;12345678;admin, manager
Niki;Tiket;niki@tiket.com;12345678;admin, manager, user
Rachim;Tiket;rachim@tiket.com;12345678;admin, manager, user
Rudy;Tiket;rudy@tiket.com;12345678;admin, manager
Niki;Tiket;niki@tiket.com;12345678;admin, manager, user
Rachim;Tiket;rachim@tiket.com;12345678;admin, manager, user
Rudy;Tiket;rudy@tiket.com;12345678;admin, manager
Niki;Tiket;niki@tiket.com;12345678;admin, manager, user
Rachim;Tiket;rachim@tiket.com;12345678;admin, manager, user
Rudy;Tiket;rudy@tiket.com;12345678;admin, manager
Niki;Tiket;niki@tiket.com;12345678;admin, manager, user
Rachim;Tiket;rachim@tiket.com;12345678;admin, manager, user
Rudy;Tiket;rudy@tiket.com;12345678;admin, manager
Niki;Tiket;niki@tiket.com;12345678;admin, manager, user
Rachim;Tiket;rachim@tiket.com;12345678;admin, manager, user
Rudy;Tiket;rudy@tiket.com;12345678;admin, manager
Niki;Tiket;niki@tiket.com;12345678;admin, manager, user
Rachim;Tiket;rachim@tiket.com;12345678;admin, manager, user
Rudy;Tiket;rudy@tiket.com;12345678;admin, manager
Niki;Tiket;niki@tiket.com;12345678;admin, manager, user
Rachim;Tiket;rachim@tiket.com;12345678;admin, manager, user
Rudy;Tiket;rudy@tiket.com;12345678;admin, manager
Niki;Tiket;niki@tiket.com;12345678;admin, manager, user
Rachim;Tiket;rachim@tiket.com;12345678;admin, manager, user
Rudy;Tiket;rudy@tiket.com;12345678;admin, manager
Niki;Tiket;niki@tiket.com;12345678;admin, manager, user
Rachim;Tiket;rachim@tiket.com;12345678;admin, manager, user
Rudy;Tiket;rudy@tiket.com;12345678;admin, manager
Niki;Tiket;niki@tiket.com;12345678;admin, manager, user
Rachim;Tiket;rachim@tiket.com;12345678;admin, manager, user
Rudy;Tiket;rudy@tiket.com;12345678;admin, manager
Niki;Tiket;niki@tiket.com;12345678;admin, manager, user
Rachim;Tiket;rachim@tiket.com;12345678;admin, manager, user
Rudy;Tiket;rudy@tiket.com;12345678;admin, manager
Niki;Tiket;niki@tiket.com;12345678;admin, manager, user
Rachim;Tiket;rachim@tiket.com;12345678;admin, manager, user
Rudy;Tiket;rudy@tiket.com;12345678;admin, manager
Niki;Tiket;niki@tiket.com;12345678;admin, manager, user
Rachim;Tiket;rachim@tiket.com;12345678;admin, manager, user
Rudy;Tiket;rudy@tiket.com;12345678;admin, manager
Niki;Tiket;niki@tiket.com;12345678;admin, manager, user
Rachim;Tiket;rachim@tiket.com;12345678;admin, manager, user
Rudy;Tiket;rudy@tiket.com;12345678;admin, manager
Niki;Tiket;niki@tiket.com;12345678;admin, manager, user
Rachim;Tiket;rachim@tiket.com;12345678;admin, manager, user
Rudy;Tiket;rudy@tiket.com;12345678;admin, manager
Niki;Tiket;niki@tiket.com;12345678;admin, manager, user
Rachim;Tiket;rachim@tiket.com;12345678;admin, manager, user
Rudy;Tiket;rudy@tiket.com;12345678;admin, manager
Niki;Tiket;niki@tiket.com;12345678;admin, manager, user
Rachim;Tiket;rachim@tiket.com;12345678;admin, manager, user
Rudy;Tiket;rudy@tiket.com;12345678;admin, manager
Niki;Tiket;niki@tiket.com;12345678;admin, manager, user
Rachim;Tiket;rachim@tiket.com;12345678;admin, manager, user
Rudy;Tiket;rudy@tiket.com;12345678;admin, manager
Niki;Tiket;niki@tiket.com;12345678;admin, manager, user
Rachim;Tiket;rachim@tiket.com;12345678;admin, manager, user
Rudy;Tiket;rudy@tiket.com;12345678;admin, manager
Niki;Tiket;niki@tiket.com;12345678;admin, manager, user
Rachim;Tiket;rachim@tiket.com;12345678;admin, manager, user
Rudy;Tiket;rudy@tiket.com;12345678;admin, manager
Niki;Tiket;niki@tiket.com;12345678;admin, manager, user
Rachim;Tiket;rachim@tiket.com;12345678;admin, manager, user
Rudy;Tiket;rudy@tiket.com;12345678;admin, manager
Niki;Tiket;niki@tiket.com;12345678;admin, manager, user
Rachim;Tiket;rachim@tiket.com;12345678;admin, manager, user
Rudy;Tiket;rudy@tiket.com;12345678;admin, manager
Niki;Tiket;niki@tiket.com;12345678;admin, manager, user
Rachim;Tiket;rachim@tiket.com;12345678;admin, manager, user
Rudy;Tiket;rudy@tiket.com;12345678;admin, manager
Niki;Tiket;niki@tiket.com;12345678;admin, manager, user
Rachim;Tiket;rachim@tiket.com;12345678;admin, manager, user
Rudy;Tiket;rudy@tiket.com;12345678;admin, manager
Niki;Tiket;niki@tiket.com;12345678;admin, manager, user
Rachim;Tiket;rachim@tiket.com;12345678;admin, manager, user
Rudy;Tiket;rudy@tiket.com;12345678;admin, manager
Niki;Tiket;niki@tiket.com;12345678;admin, manager, user
Rachim;Tiket;rachim@tiket.com;12345678;admin, manager, user
Rudy;Tiket;rudy@tiket.com;12345678;admin, manager
Niki;Tiket;niki@tiket.com;12345678;admin, manager, user
Rachim;Tiket;rachim@tiket.com;12345678;admin, manager, user
Rudy;Tiket;rudy@tiket.com;12345678;admin, manager
Niki;Tiket;niki@tiket.com;12345678;admin, manager, user
Rachim;Tiket;rachim@tiket.com;12345678;admin, manager, user
Rudy;Tiket;rudy@tiket.com;12345678;admin, manager
Niki;Tiket;niki@tiket.com;12345678;admin, manager, user
Rachim;Tiket;rachim@tiket.com;12345678;admin, manager, user
Rudy;Tiket;rudy@tiket.com;12345678;admin, manager
Niki;Tiket;niki@tiket.com;12345678;admin, manager, user
Rachim;Tiket;rachim@tiket.com;12345678;admin, manager, user
Rudy;Tiket;rudy@tiket.com;12345678;admin, manager
Niki;Tiket;niki@tiket.com;12345678;admin, manager, user
Rachim;Tiket;rachim@tiket.com;12345678;admin, manager, user
Rudy;Tiket;rudy@tiket.com;12345678;admin, manager
Niki;Tiket;niki@tiket.com;12345678;admin, manager, user
Rachim;Tiket;rachim@tiket.com;12345678;admin, manager, user
Rudy;Tiket;rudy@tiket.com;12345678;admin, manager
Niki;Tiket;niki@tiket.com;12345678;admin, manager, user
Rachim;Tiket;rachim@tiket.com;12345678;admin, manager, user
Rudy;Tiket;rudy@tiket.com;12345678;admin, manager
Niki;Tiket;niki@tiket.com;12345678;admin, manager, user
Rachim;Tiket;rachim@tiket.com;12345678;admin, manager, user
Rudy;Tiket;rudy@tiket.com;12345678;admin, manager
Niki;Tiket;niki@tiket.com;12345678;admin, manager, user
Rachim;Tiket;rachim@tiket.com;12345678;admin, manager, user
Rudy;Tiket;rudy@tiket.com;12345678;admin, manager
Niki;Tiket;niki@tiket.com;12345678;admin, manager, user
Rachim;Tiket;rachim@tiket.com;12345678;admin, manager, user
Rudy;Tiket;rudy@tiket.com;12345678;admin, manager
Niki;Tiket;niki@tiket.com;12345678;admin, manager, user
Rachim;Tiket;rachim@tiket.com;12345678;admin, manager, user
Rudy;Tiket;rudy@tiket.com;12345678;admin, manager
Niki;Tiket;niki@tiket.com;12345678;admin, manager, user
Rachim;Tiket;rachim@tiket.com;12345678;admin, manager, user
Rudy;Tiket;rudy@tiket.com;12345678;admin, manager
Niki;Tiket;niki@tiket.com;12345678;admin, manager, user
Rachim;Tiket;rachim@tiket.com;12345678;admin, manager, user
Rudy;Tiket;rudy@tiket.com;12345678;admin, manager
Niki;Tiket;niki@tiket.com;12345678;admin, manager, user
Rachim;Tiket;rachim@tiket.com;12345678;admin, manager, user
Rudy;Tiket;rudy@tiket.com;12345678;admin, manager
Niki;Tiket;niki@tiket.com;12345678;admin, manager, user
Rachim;Tiket;rachim@tiket.com;12345678;admin, manager, user
Rudy;Tiket;rudy@tiket.com;12345678;admin, manager
Niki;Tiket;niki@tiket.com;12345678;admin, manager, user
Rachim;Tiket;rachim@tiket.com;12345678;admin, manager, user
Rudy;Tiket;rudy@tiket.com;12345678;admin, manager
Niki;Tiket;niki@tiket.com;12345678;admin, manager, user
Rachim;Tiket;rachim@tiket.com;12345678;admin, manager, user
Rudy;Tiket;rudy@tiket.com;12345678;admin, manager
Niki;Tiket;niki@tiket.com;12345678;admin, manager, user
Rachim;Tiket;rachim@tiket.com;12345678;admin, manager, user
Rudy;Tiket;rudy@tiket.com;12345678;admin, manager
Niki;Tiket;niki@tiket.com;12345678;admin, manager, user
Rachim;Tiket;rachim@tiket.com;12345678;admin, manager, user
Rudy;Tiket;rudy@tiket.com;12345678;admin, manager
Niki;Tiket;niki@tiket.com;12345678;admin, manager, user
Rachim;Tiket;rachim@tiket.com;12345678;admin, manager, user
Rudy;Tiket;rudy@tiket.com;12345678;admin, manager
Niki;Tiket;niki@tiket.com;12345678;admin, manager, user
Rachim;Tiket;rachim@tiket.com;12345678;admin, manager, user
Rudy;Tiket;rudy@tiket.com;12345678;admin, manager
Niki;Tiket;niki@tiket.com;12345678;admin, manager, user
Rachim;Tiket;rachim@tiket.com;12345678;admin, manager, user
Rudy;Tiket;rudy@tiket.com;12345678;admin, manager
Niki;Tiket;niki@tiket.com;12345678;admin, manager, user
Rachim;Tiket;rachim@tiket.com;12345678;admin, manager, user
Rudy;Tiket;rudy@tiket.com;12345678;admin, manager
Niki;Tiket;niki@tiket.com;12345678;admin, manager, user
Rachim;Tiket;rachim@tiket.com;12345678;admin, manager, user
Rudy;Tiket;rudy@tiket.com;12345678;admin, manager
Niki;Tiket;niki@tiket.com;12345678;admin, manager, user
Rachim;Tiket;rachim@tiket.com;12345678;admin, manager, user
Rudy;Tiket;rudy@tiket.com;12345678;admin, manager
Niki;Tiket;niki@tiket.com;12345678;admin, manager, user
Rachim;Tiket;rachim@tiket.com;12345678;admin, manager, user
Rudy;Tiket;rudy@tiket.com;12345678;admin, manager
Niki;Tiket;niki@tiket.com;12345678;admin, manager, user
Rachim;Tiket;rachim@tiket.com;12345678;admin, manager, user
Rudy;Tiket;rudy@tiket.com;12345678;admin, manager
Niki;Tiket;niki@tiket.com;12345678;admin, manager, user
Rachim;Tiket;rachim@tiket.com;12345678;admin, manager, user
Rudy;Tiket;rudy@tiket.com;12345678;admin, manager
Niki;Tiket;niki@tiket.com;12345678;admin, manager, user
Rachim;Tiket;rachim@tiket.com;12345678;admin, manager, user
Rudy;Tiket;rudy@tiket.com;12345678;admin, manager
Niki;Tiket;niki@tiket.com;12345678;admin, manager, user
Rachim;Tiket;rachim@tiket.com;12345678;admin, manager, user
Rudy;Tiket;rudy@tiket.com;12345678;admin, manager
Niki;Tiket;niki@tiket.com;12345678;admin, manager, user
Rachim;Tiket;rachim@tiket.com;12345678;admin, manager, user
Rudy;Tiket;rudy@tiket.com;12345678;admin, manager
Niki;Tiket;niki@tiket.com;12345678;admin, manager, user
Rachim;Tiket;rachim@tiket.com;12345678;admin, manager, user
Rudy;Tiket;rudy@tiket.com;12345678;admin, manager
Niki;Tiket;niki@tiket.com;12345678;admin, manager, user
Rachim;Tiket;rachim@tiket.com;12345678;admin, manager, user
Rudy;Tiket;rudy@tiket.com;12345678;admin, manager
Niki;Tiket;niki@tiket.com;12345678;admin, manager, user
Rachim;Tiket;rachim@tiket.com;12345678;admin, manager, user
Rudy;Tiket;rudy@tiket.com;12345678;admin, manager
Niki;Tiket;niki@tiket.com;12345678;admin, manager, user
Rachim;Tiket;rachim@tiket.com;12345678;admin, manager, user
Rudy;Tiket;rudy@tiket.com;12345678;admin, manager
Niki;Tiket;niki@tiket.com;12345678;admin, manager, user
Rachim;Tiket;rachim@tiket.com;12345678;admin, manager, user
Rudy;Tiket;rudy@tiket.com;12345678;admin, manager
Niki;Tiket;niki@tiket.com;12345678;admin, manager, user
Rachim;Tiket;rachim@tiket.com;12345678;admin, manager, user
Rudy;Tiket;rudy@tiket.com;12345678;admin, manager
Niki;Tiket;niki@tiket.com;12345678;admin, manager, user
Rachim;Tiket;rachim@tiket.com;12345678;admin, manager, user
Rudy;Tiket;rudy@tiket.com;12345678;admin, manager
Niki;Tiket;niki@tiket.com;12345678;admin, manager, user
Rachim;Tiket;rachim@tiket.com;12345678;admin, manager, user
Rudy;Tiket;rudy@tiket.com;12345678;admin, manager
Niki;Tiket;niki@tiket.com;12345678;admin, manager, user
Rachim;Tiket;rachim@tiket.com;12345678;admin, manager, user
Rudy;Tiket;rudy@tiket.com;12345678;admin, manager
Niki;Tiket;niki@tiket.com;12345678;admin, manager, user
Rachim;Tiket;rachim@tiket.com;12345678;admin, manager, user
Rudy;Tiket;rudy@tiket.com;12345678;admin, manager
Niki;Tiket;niki@tiket.com;12345678;admin, manager, user
Rachim;Tiket;rachim@tiket.com;12345678;admin, manager, user
Rudy;Tiket;rudy@tiket.com;12345678;admin, manager
Niki;Tiket;niki@tiket.com;12345678;admin, manager, user
Rachim;Tiket;rachim@tiket.com;12345678;admin, manager, user
Rudy;Tiket;rudy@tiket.com;12345678;admin, manager
Niki;Tiket;niki@tiket.com;12345678;admin, manager, user
Rachim;Tiket;rachim@tiket.com;12345678;admin, manager, user
Rudy;Tiket;rudy@tiket.com;12345678;admin, manager
Niki;Tiket;niki@tiket.com;12345678;admin, manager, user
Rachim;Tiket;rachim@tiket.com;12345678;admin, manager, user
Rudy;Tiket;rudy@tiket.com;12345678;admin, manager
Niki;Tiket;niki@tiket.com;12345678;admin, manager, user
Rachim;Tiket;rachim@tiket.com;12345678;admin, manager, user
Rudy;Tiket;rudy@tiket.com;12345678;admin, manager
Niki;Tiket;niki@tiket.com;12345678;admin, manager, user
Rachim;Tiket;rachim@tiket.com;12345678;admin, manager, user
Rudy;Tiket;rudy@tiket.com;12345678;admin, manager
Niki;Tiket;niki@tiket.com;12345678;admin, manager, user
Rachim;Tiket;rachim@tiket.com;12345678;admin, manager, user
Rudy;Tiket;rudy@tiket.com;12345678;admin, manager
Niki;Tiket;niki@tiket.com;12345678;admin, manager, user
Rachim;Tiket;rachim@tiket.com;12345678;admin, manager, user
Rudy;Tiket;rudy@tiket.com;12345678;admin, manager
Niki;Tiket;niki@tiket.com;12345678;admin, manager, user
Rachim;Tiket;rachim@tiket.com;12345678;admin, manager, user
Rudy;Tiket;rudy@tiket.com;12345678;admin, manager
Niki;Tiket;niki@tiket.com;12345678;admin, manager, user
Rachim;Tiket;rachim@tiket.com;12345678;admin, manager, user
Rudy;Tiket;rudy@tiket.com;12345678;admin, manager
Niki;Tiket;niki@tiket.com;12345678;admin, manager, user
Rachim;Tiket;rachim@tiket.com;12345678;admin, manager, user
Rudy;Tiket;rudy@tiket.com;12345678;admin, manager
Niki;Tiket;niki@tiket.com;12345678;admin, manager, user
Rachim;Tiket;rachim@tiket.com;12345678;admin, manager, user
Rudy;Tiket;rudy@tiket.com;12345678;admin, manager
Niki;Tiket;niki@tiket.com;12345678;admin, manager, user
Rachim;Tiket;rachim@tiket.com;12345678;admin, manager, user
Rudy;Tiket;rudy@tiket.com;12345678;admin, manager
Niki;Tiket;niki@tiket.com;12345678;admin, manager, user
Rachim;Tiket;rachim@tiket.com;12345678;admin, manager, user
Rudy;Tiket;rudy@tiket.com;12345678;admin, manager
Niki;Tiket;niki@tiket.com;12345678;admin, manager, user
Rachim;Tiket;rachim@tiket.com;12345678;admin, manager, user
Rudy;Tiket;rudy@tiket.com;12345678;admin, manager
Niki;Tiket;niki@tiket.com;12345678;admin, manager, user
Rachim;Tiket;rachim@tiket.com;12345678;admin, manager, user
Rudy;Tiket;rudy@tiket.com;12345678;admin, manager
Niki;Tiket;niki@tiket.com;12345678;admin, manager, user
Rachim;Tiket;rachim@tiket.com;12345678;admin, manager, user
Rudy;Tiket;rudy@tiket.com;12345678;admin, manager
Niki;Tiket;niki@tiket.com;12345678;admin, manager, user
Rachim;Tiket;rachim@tiket.com;12345678;admin, manager, user
Rudy;Tiket;rudy@tiket.com;12345678;admin, manager
Niki;Tiket;niki@tiket.com;12345678;admin, manager, user
Rachim;Tiket;rachim@tiket.com;12345678;admin, manager, user
Rudy;Tiket;rudy@tiket.com;12345678;admin, manager
Niki;Tiket;niki@tiket.com;12345678;admin, manager, user
Rachim;Tiket;rachim@tiket.com;12345678;admin, manager, user
Rudy;Tiket;rudy@tiket.com;12345678;admin, manager
Niki;Tiket;niki@tiket.com;12345678;admin, manager, user
Rachim;Tiket;rachim@tiket.com;12345678;admin, manager, user
Rudy;Tiket;rudy@tiket.com;12345678;admin, manager
Niki;Tiket;niki@tiket.com;12345678;admin, manager, user
Rachim;Tiket;rachim@tiket.com;12345678;admin, manager, user
Rudy;Tiket;rudy@tiket.com;12345678;admin, manager
Niki;Tiket;niki@tiket.com;12345678;admin, manager, user
Rachim;Tiket;rachim@tiket.com;12345678;admin, manager, user
Rudy;Tiket;rudy@tiket.com;12345678;admin, manager
Niki;Tiket;niki@tiket.com;12345678;admin, manager, user
Rachim;Tiket;rachim@tiket.com;12345678;admin, manager, user
Rudy;Tiket;rudy@tiket.com;12345678;admin, manager
Niki;Tiket;niki@tiket.com;12345678;admin, manager, user
Rachim;Tiket;rachim@tiket.com;12345678;admin, manager, user
Rudy;Tiket;rudy@tiket.com;12345678;admin, manager
Niki;Tiket;niki@tiket.com;12345678;admin, manager, user
Rachim;Tiket;rachim@tiket.com;12345678;admin, manager, user
Rudy;Tiket;rudy@tiket.com;12345678;admin, manager
Niki;Tiket;niki@tiket.com;12345678;admin, manager, user
Rachim;Tiket;rachim@tiket.com;12345678;admin, manager, user
Rudy;Tiket;rudy@tiket.com;12345678;admin, manager
Niki;Tiket;niki@tiket.com;12345678;admin, manager, user
Rachim;Tiket;rachim@tiket.com;12345678;admin, manager, user
Rudy;Tiket;rudy@tiket.com;12345678;admin, manager
Niki;Tiket;niki@tiket.com;12345678;admin, manager, user
Rachim;Tiket;rachim@tiket.com;12345678;admin, manager, user
Rudy;Tiket;rudy@tiket.com;12345678;admin, manager
Niki;Tiket;niki@tiket.com;12345678;admin, manager, user
Rachim;Tiket;rachim@tiket.com;12345678;admin, manager, user
Rudy;Tiket;rudy@tiket.com;12345678;admin, manager
Niki;Tiket;niki@tiket.com;12345678;admin, manager, user
Rachim;Tiket;rachim@tiket.com;12345678;admin, manager, user
Rudy;Tiket;rudy@tiket.com;12345678;admin, manager
Niki;Tiket;niki@tiket.com;12345678;admin, manager, user
Rachim;Tiket;rachim@tiket.com;12345678;admin, manager, user
Rudy;Tiket;rudy@tiket.com;12345678;admin, manager
Niki;Tiket;niki@tiket.com;12345678;admin, manager, user
Rachim;Tiket;rachim@tiket.com;12345678;admin, manager, user
Rudy;Tiket;rudy@tiket.com;12345678;admin, manager
Niki;Tiket;niki@tiket.com;12345678;admin, manager, user
Rachim;Tiket;rachim@tiket.com;12345678;admin, manager, user
Rudy;Tiket;rudy@tiket.com;12345678;admin, manager
Niki;Tiket;niki@tiket.com;12345678;admin, manager, user
Rachim;Tiket;rachim@tiket.com;12345678;admin, manager, user
Rudy;Tiket;rudy@tiket.com;12345678;admin, manager
Niki;Tiket;niki@tiket.com;12345678;admin, manager, user
Rachim;Tiket;rachim@tiket.com;12345678;admin, manager, user
Rudy;Tiket;rudy@tiket.com;12345678;admin, manager
Niki;Tiket;niki@tiket.com;12345678;admin, manager, user
Rachim;Tiket;rachim@tiket.com;12345678;admin, manager, user
Rudy;Tiket;rudy@tiket.com;12345678;admin, manager
Niki;Tiket;niki@tiket.com;12345678;admin, manager, user
Rachim;Tiket;rachim@tiket.com;12345678;admin, manager, user
Rudy;Tiket;rudy@tiket.com;12345678;admin, manager
Niki;Tiket;niki@tiket.com;12345678;admin, manager, user
Rachim;Tiket;rachim@tiket.com;12345678;admin, manager, user
Rudy;Tiket;rudy@tiket.com;12345678;admin, manager
Niki;Tiket;niki@tiket.com;12345678;admin, manager, user
Rachim;Tiket;rachim@tiket.com;12345678;admin, manager, user
Rudy;Tiket;rudy@tiket.com;12345678;admin, manager
Niki;Tiket;niki@tiket.com;12345678;admin, manager, user
Rachim;Tiket;rachim@tiket.com;12345678;admin, manager, user
Rudy;Tiket;rudy@tiket.com;12345678;admin, manager
Niki;Tiket;niki@tiket.com;12345678;admin, manager, user
Rachim;Tiket;rachim@tiket.com;12345678;admin, manager, user
Rudy;Tiket;rudy@tiket.com;12345678;admin, manager
Niki;Tiket;niki@tiket.com;12345678;admin, manager, user
Rachim;Tiket;rachim@tiket.com;12345678;admin, manager, user
Rudy;Tiket;rudy@tiket.com;12345678;admin, manager
Niki;Tiket;niki@tiket.com;12345678;admin, manager, user
Rachim;Tiket;rachim@tiket.com;12345678;admin, manager, user
Rudy;Tiket;rudy@tiket.com;12345678;admin, manager
Niki;Tiket;niki@tiket.com;12345678;admin, manager, user
Rachim;Tiket;rachim@tiket.com;12345678;admin, manager, user
Rudy;Tiket;rudy@tiket.com;12345678;admin, manager
Niki;Tiket;niki@tiket.com;12345678;admin, manager, user
Rachim;Tiket;rachim@tiket.com;12345678;admin, manager, user
Rudy;Tiket;rudy@tiket.com;12345678;admin, manager
Niki;Tiket;niki@tiket.com;12345678;admin, manager, user
Rachim;Tiket;rachim@tiket.com;12345678;admin, manager, user
Rudy;Tiket;rudy@tiket.com;12345678;admin, manager
Niki;Tiket;niki@tiket.com;12345678;admin, manager, user
Rachim;Tiket;rachim@tiket.com;12345678;admin, manager, user
Rudy;Tiket;rudy@tiket.com;12345678;admin, manager
Niki;Tiket;niki@tiket.com;12345678;admin, manager, user
Rachim;Tiket;rachim@tiket.com;12345678;admin, manager, user
Rudy;Tiket;rudy@tiket.com;12345678;admin, manager
Niki;Tiket;niki@tiket.com;12345678;admin, manager, user
Rachim;Tiket;rachim@tiket.com;12345678;admin, manager, user
Rudy;Tiket;rudy@tiket.com;12345678;admin, manager
Niki;Tiket;niki@tiket.com;12345678;admin, manager, user
Rachim;Tiket;rachim@tiket.com;12345678;admin, manager, user
Rudy;Tiket;rudy@tiket.com;12345678;admin, manager
Niki;Tiket;niki@tiket.com;12345678;admin, manager, user
Rachim;Tiket;rachim@tiket.com;12345678;admin, manager, user
Rudy;Tiket;rudy@tiket.com;12345678;admin, manager
Niki;Tiket;niki@tiket.com;12345678;admin, manager, user
Rachim;Tiket;rachim@tiket.com;12345678;admin, manager, user
Rudy;Tiket;rudy@tiket.com;12345678;admin, manager
Niki;Tiket;niki@tiket.com;12345678;admin, manager, user
Rachim;Tiket;rachim@tiket.com;12345678;admin, manager, user
Rudy;Tiket;rudy@tiket.com;12345678;admin, manager
Niki;Tiket;niki@tiket.com;12345678;admin, manager, user
Rachim;Tiket;rachim@tiket.com;12345678;admin, manager, user
Rudy;Tiket;rudy@tiket.com;12345678;admin, manager
Niki;Tiket;niki@tiket.com;12345678;admin, manager, user
Rachim;Tiket;rachim@tiket.com;12345678;admin, manager, user
Rudy;Tiket;rudy@tiket.com;12345678;admin, manager
Niki;Tiket;niki@tiket.com;12345678;admin, manager, user
Rachim;Tiket;rachim@tiket.com;12345678;admin, manager, user
Rudy;Tiket;rudy@tiket.com;12345678;admin, manager
Niki;Tiket;niki@tiket.com;12345678;admin, manager, user
Rachim;Tiket;rachim@tiket.com;12345678;admin, manager, user
Rudy;Tiket;rudy@tiket.com;12345678;admin, manager
Niki;Tiket;niki@tiket.com;12345678;admin, manager, user
Rachim;Tiket;rachim@tiket.com;12345678;admin, manager, user
Rudy;Tiket;rudy@tiket.com;12345678;admin, manager
Niki;Tiket;niki@tiket.com;12345678;admin, manager, user
Rachim;Tiket;rachim@tiket.com;12345678;admin, manager, user
Rudy;Tiket;rudy@tiket.com;12345678;admin, manager
Niki;Tiket;niki@tiket.com;12345678;admin, manager, user
Rachim;Tiket;rachim@tiket.com;12345678;admin, manager, user
Rudy;Tiket;rudy@tiket.com;12345678;admin, manager
Niki;Tiket;niki@tiket.com;12345678;admin, manager, user
Rachim;Tiket;rachim@tiket.com;12345678;admin, manager, user
Rudy;Tiket;rudy@tiket.com;12345678;admin, manager
Niki;Tiket;niki@tiket.com;12345678;admin, manager, user
Rachim;Tiket;rachim@tiket.com;12345678;admin, manager, user
Rudy;Tiket;rudy@tiket.com;12345678;admin, manager
Niki;Tiket;niki@tiket.com;12345678;admin, manager, user
Rachim;Tiket;rachim@tiket.com;12345678;admin, manager, user
Rudy;Tiket;rudy@tiket.com;12345678;admin, manager
Niki;Tiket;niki@tiket.com;12345678;admin, manager, user
Rachim;Tiket;rachim@tiket.com;12345678;admin, manager, user
Rudy;Tiket;rudy@tiket.com;12345678;admin, manager
Niki;Tiket;niki@tiket.com;12345678;admin, manager, user
Rachim;Tiket;rachim@tiket.com;12345678;admin, manager, user
Rudy;Tiket;rudy@tiket.com;12345678;admin, manager
Niki;Tiket;niki@tiket.com;12345678;admin, manager, user
Rachim;Tiket;rachim@tiket.com;12345678;admin, manager, user
Rudy;Tiket;rudy@tiket.com;12345678;admin, manager
Niki;Tiket;niki@tiket.com;12345678;admin, manager, user
Rachim;Tiket;rachim@tiket.com;12345678;admin, manager, user
Rudy;Tiket;rudy@tiket.com;12345678;admin, manager
Niki;Tiket;niki@tiket.com;12345678;admin, manager, user
Rachim;Tiket;rachim@tiket.com;12345678;admin, manager, user
Rudy;Tiket;rudy@tiket.com;12345678;admin, manager
Niki;Tiket;niki@tiket.com;12345678;admin, manager, user
Rachim;Tiket;rachim@tiket.com;12345678;admin, manager, user
Rudy;Tiket;rudy@tiket.com;12345678;admin, manager
Niki;Tiket;niki@tiket.com;12345678;admin, manager, user
Rachim;Tiket;rachim@tiket.com;12345678;admin, manager, user
Rudy;Tiket;rudy@tiket.com;12345678;admin, manager
Niki;Tiket;niki@tiket.com;12345678;admin, manager, user
Rachim;Tiket;rachim@tiket.com;12345678;admin, manager, user
Rudy;Tiket;rudy@tiket.com;12345678;admin, manager
Niki;Tiket;niki@tiket.com;12345678;admin, manager, user
Rachim;Tiket;rachim@tiket.com;12345678;admin, manager, user
Rudy;Tiket;rudy@tiket.com;12345678;admin, manager
Niki;Tiket;niki@tiket.com;12345678;admin, manager, user
Rachim;Tiket;rachim@tiket.com;12345678;admin, manager, user
Rudy;Tiket;rudy@tiket.com;12345678;admin, manager
Niki;Tiket;niki@tiket.com;12345678;admin, manager, user
Rachim;Tiket;rachim@tiket.com;12345678;admin, manager, user
Rudy;Tiket;rudy@tiket.com;12345678;admin, manager
Niki;Tiket;niki@tiket.com;12345678;admin, manager, user
Rachim;Tiket;rachim@tiket.com;12345678;admin, manager, user
Rudy;Tiket;rudy@tiket.com;12345678;admin, manager
Niki;Tiket;niki@tiket.com;12345678;admin, manager, user
Rachim;Tiket;rachim@tiket.com;12345678;admin, manager, user
Rudy;Tiket;rudy@tiket.com;12345678;admin, manager
Niki;Tiket;niki@tiket.com;12345678;admin, manager, user
Rachim;Tiket;rachim@tiket.com;12345678;admin, manager, user
Rudy;Tiket;rudy@tiket.com;12345678;admin, manager
Niki;Tiket;niki@tiket.com;12345678;admin, manager, user
Rachim;Tiket;rachim@tiket.com;12345678;admin, manager, user
Rudy;Tiket;rudy@tiket.com;12345678;admin, manager
Niki;Tiket;niki@tiket.com;12345678;admin, manager, user
Rachim;Tiket;rachim@tiket.com;12345678;admin, manager, user
Rudy;Tiket;rudy@tiket.com;12345678;admin, manager
Niki;Tiket;niki@tiket.com;12345678;admin, manager, user
Rachim;Tiket;rachim@tiket.com;12345678;admin, manager, user
Rudy;Tiket;rudy@tiket.com;12345678;admin, manager
Niki;Tiket;niki@tiket.com;12345678;admin, manager, user
Rachim;Tiket;rachim@tiket.com;12345678;admin, manager, user
Rudy;Tiket;rudy@tiket.com;12345678;admin, manager
Niki;Tiket;niki@tiket.com;12345678;admin, manager, user
Rachim;Tiket;rachim@tiket.com;12345678;admin, manager, user
Rudy;Tiket;rudy@tiket.com;12345678;admin, manager
Niki;Tiket;niki@tiket.com;12345678;admin, manager, user
Rachim;Tiket;rachim@tiket.com;12345678;admin, manager, user
Rudy;Tiket;rudy@tiket.com;12345678;admin, manager
Niki;Tiket;niki@tiket.com;12345678;admin, manager, user
Rachim;Tiket;rachim@tiket.com;12345678;admin, manager, user
Rudy;Tiket;rudy@tiket.com;12345678;admin, manager
Niki;Tiket;niki@tiket.com;12345678;admin, manager, user
Rachim;Tiket;rachim@tiket.com;12345678;admin, manager, user
Rudy;Tiket;rudy@tiket.com;12345678;admin, manager
Niki;Tiket;niki@tiket.com;12345678;admin, manager, user
Rachim;Tiket;rachim@tiket.com;12345678;admin, manager, user
Rudy;Tiket;rudy@tiket.com;12345678;admin, manager
Niki;Tiket;niki@tiket.com;12345678;admin, manager, user
Rachim;Tiket;rachim@tiket.com;12345678;admin, manager, user
Rudy;Tiket;rudy@tiket.com;12345678;admin, manager
Niki;Tiket;niki@tiket.com;12345678;admin, manager, user
Rachim;Tiket;rachim@tiket.com;12345678;admin, manager, user
Rudy;Tiket;rudy@tiket.com;12345678;admin, manager
Niki;Tiket;niki@tiket.com;12345678;admin, manager, user
Rachim;Tiket;rachim@tiket.com;12345678;admin, manager, user
